Datetime,Water Level (m)
2025-04-28 06:00:00,1.3585931
2025-04-28 07:00:00,0.9519364
2025-04-28 08:00:00,0.38360792
2025-04-28 09:00:00,-0.05222118
2025-04-28 10:00:00,-0.36244857
2025-04-28 11:00:00,-0.6481973
2025-04-28 12:00:00,-0.8721754
2025-04-28 13:00:00,-0.97099257
2025-04-28 14:00:00,-0.47176474
2025-04-28 15:00:00,0.23905501
2025-04-28 16:00:00,0.8858008
2025-04-28 17:00:00,1.2075974
2025-04-28 18:00:00,1.1765887
2025-04-28 19:00:00,0.73263556
2025-04-28 20:00:00,0.17636538
2025-04-28 21:00:00,-0.23043914
2025-04-28 22:00:00,-0.54351056
2025-04-28 23:00:00,-0.8180098
2025-04-29 00:00:00,-1.0435556
2025-04-29 01:00:00,-1.1536944
2025-04-29 02:00:00,-0.7377903
2025-04-29 03:00:00,-0.019606711
2025-04-29 04:00:00,0.7311363
2025-04-29 05:00:00,1.2399642
2025-04-29 06:00:00,1.4802873
2025-04-29 07:00:00,1.3265916
2025-04-29 08:00:00,0.79948616
2025-04-29 09:00:00,0.2348654
2025-04-29 10:00:00,-0.15745994
2025-04-29 11:00:00,-0.47103634
2025-04-29 12:00:00,-0.7432714
2025-04-29 13:00:00,-0.9318994
2025-04-29 14:00:00,-0.91703427
2025-04-29 15:00:00,-0.274787
2025-04-29 16:00:00,0.42757294
2025-04-29 17:00:00,0.9049598
2025-04-29 18:00:00,1.1030817
2025-04-29 19:00:00,0.96740705
2025-04-29 20:00:00,0.4975495
2025-04-29 21:00:00,0.006414558
2025-04-29 22:00:00,-0.34479135
2025-04-29 23:00:00,-0.6391463
2025-04-30 00:00:00,-0.88916814
2025-04-30 01:00:00,-1.0786202
2025-04-30 02:00:00,-1.092906
2025-04-30 03:00:00,-0.48811194
2025-04-30 04:00:00,0.21541181
2025-04-30 05:00:00,0.8721371
2025-04-30 06:00:00,1.2903545
2025-04-30 07:00:00,1.4060571
2025-04-30 08:00:00,1.1450956
2025-04-30 09:00:00,0.59424514
2025-04-30 10:00:00,0.09821694
2025-04-30 11:00:00,-0.22958195
2025-04-30 12:00:00,-0.52768004
2025-04-30 13:00:00,-0.7571758
2025-04-30 14:00:00,-0.88696706
2025-04-30 15:00:00,-0.6773848
2025-04-30 16:00:00,-0.067163
2025-04-30 17:00:00,0.53730255
2025-04-30 18:00:00,0.8614239
2025-04-30 19:00:00,0.95586
2025-04-30 20:00:00,0.7473375
2025-04-30 21:00:00,0.2926409
2025-04-30 22:00:00,-0.12835504
2025-04-30 23:00:00,-0.4361032
2025-05-01 00:00:00,-0.70253325
2025-05-01 01:00:00,-0.9258186
2025-05-01 02:00:00,-1.0670357
2025-05-01 03:00:00,-0.90007555
2025-05-01 04:00:00,-0.25484833
2025-05-01 05:00:00,0.43236575
2025-05-01 06:00:00,0.93560725
2025-05-01 07:00:00,1.2263796
2025-05-01 08:00:00,1.2217236
2025-05-01 09:00:00,0.878382
2025-05-01 10:00:00,0.3708339
2025-05-01 11:00:00,-0.03425882
2025-05-01 12:00:00,-0.3201479
2025-05-01 13:00:00,-0.5680894
2025-05-01 14:00:00,-0.74777806
2025-05-01 15:00:00,-0.7908998
2025-05-01 16:00:00,-0.42820495
2025-05-01 17:00:00,0.09601708
2025-05-01 18:00:00,0.5218097
2025-05-01 19:00:00,0.7278239
2025-05-01 20:00:00,0.73341453
2025-05-01 21:00:00,0.489657
2025-05-01 22:00:00,0.1006738
2025-05-01 23:00:00,-0.24304587
2025-05-02 00:00:00,-0.5152742
2025-05-02 01:00:00,-0.74777126
2025-05-02 02:00:00,-0.9144674
2025-05-02 03:00:00,-0.9620586
2025-05-02 04:00:00,-0.60067606
2025-05-02 05:00:00,-0.038453188
2025-05-02 06:00:00,0.52218467
2025-05-02 07:00:00,0.90246904
2025-05-02 08:00:00,1.0865777
2025-05-02 09:00:00,1.00752
2025-05-02 10:00:00,0.64903706
2025-05-02 11:00:00,0.20940997
2025-05-02 12:00:00,-0.12204222
2025-05-02 13:00:00,-0.3734145
2025-05-02 14:00:00,-0.5830525
2025-05-02 15:00:00,-0.7170946
2025-05-02 16:00:00,-0.6908706
2025-05-02 17:00:00,-0.3321724
2025-05-02 18:00:00,0.13789044
2025-05-02 19:00:00,0.46746475
2025-05-02 20:00:00,0.61118215
2025-05-02 21:00:00,0.5594032
2025-05-02 22:00:00,0.327078
2025-05-02 23:00:00,0.013193533
2025-05-03 00:00:00,-0.26241317
2025-05-03 01:00:00,-0.48650256
2025-05-03 02:00:00,-0.6649514
2025-05-03 03:00:00,-0.77304727
2025-05-03 04:00:00,-0.7000054
2025-05-03 05:00:00,-0.31000632
2025-05-03 06:00:00,0.16608459
2025-05-03 07:00:00,0.5590491
2025-05-03 08:00:00,0.8302403
2025-05-03 09:00:00,0.9216346
2025-05-03 10:00:00,0.8087529
2025-05-03 11:00:00,0.5138792
2025-05-03 12:00:00,0.17440508
2025-05-03 13:00:00,-0.08608229
2025-05-03 14:00:00,-0.30066815
2025-05-03 15:00:00,-0.47126353
2025-05-03 16:00:00,-0.5719327
2025-05-03 17:00:00,-0.53104085
2025-05-03 18:00:00,-0.24857436
2025-05-03 19:00:00,0.14035684
2025-05-03 20:00:00,0.39417666
2025-05-03 21:00:00,0.42874423
2025-05-03 22:00:00,0.32005903
2025-05-03 23:00:00,0.20601638
2025-05-04 00:00:00,0.044568483
2025-05-04 01:00:00,-0.16571459
2025-05-04 02:00:00,-0.3689296
2025-05-04 03:00:00,-0.5314771
2025-05-04 04:00:00,-0.60996574
2025-05-04 05:00:00,-0.5213901
2025-05-04 06:00:00,-0.21297054
